Round,Loss,Accuracy,Micro_P,Micro_R,Micro_F1,Macro_P,Macro_R,Macro_F1,Weighted_P,Weighted_R,Weighted_F1
0,2.566269375157664,0.001466075386924797,0.001466075386924797,0.001466075386924797,0.001466075386424797,0.33466641104341893,0.28424102882963415,0.0026493256343639647,0.9962492498480099,0.001466075386924797,4.7507198652309294e-05
1,0.3170494228726571,0.9962362870738576,0.9962362870738576,0.9962362870738576,0.9962362870733575,0.33207876235795253,0.3333333333333333,0.33270486515858005,0.9924867396827056,0.9962362870738576,0.9943579786709767
2,0.13035619144617128,0.9962362870738576,0.9962362870738576,0.9962362870738576,0.9962362870733575,0.33207876235795253,0.3333333333333333,0.33270486515858005,0.9924867396827056,0.9962362870738576,0.9943579786709767
3,0.07634291466283656,0.9962362870738576,0.9962362870738576,0.9962362870738576,0.9962362870733575,0.33207876235795253,0.3333333333333333,0.33270486515858005,0.9924867396827056,0.9962362870738576,0.9943579786709767
4,0.053412216670289545,0.9962362870738576,0.9962362870738576,0.9962362870738576,0.9962362870733575,0.33207876235795253,0.3333333333333333,0.33270486515858005,0.9924867396827056,0.9962362870738576,0.9943579786709767
5,0.04377236749935141,0.9962362870738576,0.9962362870738576,0.9962362870738576,0.9962362870733575,0.33207876235795253,0.3333333333333333,0.33270486515858005,0.9924867396827056,0.9962362870738576,0.9943579786709767
6,0.03935603159422957,0.9962362870738576,0.9962362870738576,0.9962362870738576,0.9962362870733575,0.33207876235795253,0.3333333333333333,0.33270486515858005,0.9924867396827056,0.9962362870738576,0.9943579786709767
7,0.03692815252672328,0.9962362870738576,0.9962362870738576,0.9962362870738576,0.9962362870733575,0.33207876235795253,0.3333333333333333,0.33270486515858005,0.9924867396827056,0.9962362870738576,0.9943579786709767
8,0.03528484959673663,0.9962362870738576,0.9962362870738576,0.9962362870738576,0.9962362870733575,0.33207876235795253,0.3333333333333333,0.33270486515858005,0.9924867396827056,0.9962362870738576,0.9943579786709767
9,0.0340241618942071,0.9962362870738576,0.9962362870738576,0.9962362870738576,0.9962362870733575,0.33207876235795253,0.3333333333333333,0.33270486515858005,0.9924867396827056,0.9962362870738576,0.9943579786709767
10,0.032976120946266604,0.9962362870738576,0.9962362870738576,0.9962362870738576,0.9962362870733575,0.33207876235795253,0.3333333333333333,0.33270486515858005,0.9924867396827056,0.9962362870738576,0.9943579786709767
11,0.0320773090296364,0.9962362870738576,0.9962362870738576,0.9962362870738576,0.9962362870733575,0.33207876235795253,0.3333333333333333,0.33270486515858005,0.9924867396827056,0.9962362870738576,0.9943579786709767
12,0.03131345965992824,0.9962362870738576,0.9962362870738576,0.9962362870738576,0.9962362870733575,0.33207876235795253,0.3333333333333333,0.33270486515858005,0.9924867396827056,0.9962362870738576,0.9943579786709767
13,0.03061904923923482,0.9962362870738576,0.9962362870738576,0.9962362870738576,0.9962362870733575,0.33207876235795253,0.3333333333333333,0.33270486515858005,0.9924867396827056,0.9962362870738576,0.9943579786709767
14,0.030037450308896964,0.9962362870738576,0.9962362870738576,0.9962362870738576,0.9962362870733575,0.33207876235795253,0.3333333333333333,0.33270486515858005,0.9924867396827056,0.9962362870738576,0.9943579786709767
15,1.2833639034527466,0.9962362870738576,0.9962362870738576,0.9962362870738576,0.9962362870733575,0.33207876235795253,0.3333333333333333,0.33270486515858005,0.9924867396827056,0.9962362870738576,0.9943579786709767
16,0.15552372585979565,0.996236705152695,0.996236705152695,0.996236705152695,0.9962367051521949,0.6654122345264465,0.3333735274594786,0.33278531339820566,0.9959543182547749,0.996236705152695,0.9943590229797955
17,0.07211850598704818,0.9964085393773168,0.9964085393773168,0.9964085393773168,0.9964085393768167,0.6654554410863693,0.34989436743844277,0.3642878686609689,0.996124753737405,0.9964085393773168,0.9947719994405424
18,0.04483921227147635,0.9966308909040236,0.9966308909040236,0.9966308909040236,0.9966308909035235,0.6652914075757058,0.3712991809510176,0.4009331114205157,0.9963433726943154,0.9966308909040236,0.9952635669322151
19,0.036213711809708005,0.9966376284236655,0.9966376284236655,0.9966376284236655,0.9966376284231655,0.6632984154346319,0.3721811637156658,0.4023098375577043,0.9963317234440512,0.9966376284236655,0.9952812285626217
20,0.033767571608034216,0.9966330988380896,0.9966330988380896,0.9966330988380896,0.9966330988375895,0.6568942552450211,0.37252379418008946,0.4027157469400149,0.9962686391805239,0.9966330988380896,0.9952831876811045
21,0.03290419018007615,0.9967240995501615,0.9967240995501615,0.9967240995501615,0.9967240995496615,0.6524671783610031,0.38222731843086327,0.41763131859908054,0.9963225098632287,0.9967240995501615,0.995483507293451
22,0.03380726992928424,0.9968539801607018,0.9968539801607018,0.9968539801607018,0.9968539801602018,0.6420626652971207,0.3975925065335691,0.43926924873452516,0.9963725560873452,0.9968539801607018,0.9957730344617648
23,0.034167065879080465,0.9969381602151687,0.9969381602151687,0.9969381602151687,0.9969381602146686,0.6278676375565814,0.41067757661747234,0.4554662781013435,0.9963597498667406,0.9969381602151687,0.99598324345044
24,0.03693234496823308,0.9968375384339875,0.9968375384339875,0.9968375384339875,0.9968375384334874,0.5821051370082014,0.42012911956171634,0.4617352442830185,0.9959812802810661,0.9968375384339875,0.9959981504785639
25,0.040139692766961464,0.9965676425040829,0.9965676425040829,0.9965676425040829,0.9965676425035829,0.5303271917484369,0.4340155468822877,0.4664348787209411,0.9955862059898164,0.9965676425040829,0.9959122491228037
26,0.04366222233996571,0.9958479883503646,0.9958479883503646,0.9958479883503646,0.9958479883498645,0.47620414221985946,0.44977910270491456,0.46162028600187166,0.9951869115699915,0.9958479883503646,0.9955029649662404
27,0.04937566646757279,0.9941601916607176,0.9941601916607176,0.9941601916607176,0.9941601916602176,0.42670094244234,0.46194096080932256,0.44149450451683325,0.994800965657502,0.9941601916607176,0.9944509231210766
28,0.056915364357521155,0.9906629545406873,0.9906629545406873,0.9906629545406873,0.9906629545401873,0.38855700656010583,0.4668224802377983,0.4110839221105745,0.9944659489398152,0.9906629545406873,0.9923863330057645
29,0.06495316556641066,0.9857050450457252,0.9857050450457252,0.9857050450457252,0.9857050450452252,0.36809576865737226,0.46678128794986745,0.387416795685478,0.9942658287027928,0.9857050450457252,0.9896498525029139
